{
  "[1,1,1,1] [1,1,1,1]": {
    "count": 0.16663849923947946,
    "wins": 0.460446247464503
  },
  "[1,1,1,1] [1,1,2]": {
    "count": 0.1994253844853811,
    "wins": 0.4703389830508475
  },
  "[1,1,1,1] [1,3]": {
    "count": 0.0971776237958425,
    "wins": 0.4330434782608696
  },
  "[1,1,1,1] [2,2]": {
    "count": 0.02230860233226297,
    "wins": 0.3712121212121212
  },
  "[1,1,1,1] [4]": {
    "count": 0.08382626330910935,
    "wins": 0.3487903225806452
  },
  "[1,1,2] [1,1,2]": {
    "count": 0.09616359641710326,
    "wins": 0.5483304042179262
  },
  "[1,1,2] [1,3]": {
    "count": 0.1015717424370458,
    "wins": 0.43427620632279534
  },
  "[1,1,2] [2,2]": {
    "count": 0.02771674835220551,
    "wins": 0.39634146341463417
  },
  "[1,1,2] [4]": {
    "count": 0.08636133175595741,
    "wins": 0.410958904109589
  },
  "[1,3] [1,3]": {
    "count": 0.026195707284096672,
    "wins": 0.4967741935483871
  },
  "[1,3] [2,2]": {
    "count": 0.014703396991718777,
    "wins": 0.5057471264367817
  },
  "[1,3] [4]": {
    "count": 0.04394118641203312,
    "wins": 0.39615384615384613
  },
  "[2,2] [1,3]": {
    "count": 0.012168328544870712,
    "wins": 0.5138888888888888
  },
  "[2,2] [2,2]": {
    "count": 0.0006760182524928173,
    "wins": 0.75
  },
  "[2,2] [4]": {
    "count": 0.009971269224269056,
    "wins": 0.4745762711864407
  },
  "[4] [4]": {
    "count": 0.011154301166131485,
    "wins": 0.4696969696969697
  }
}