{
  "[2,2]": {
    "loses": 240,
    "wins": 327,
    "total_games": 567,
    "win_ratio": 0.5767195767195767,
    "ratio": 0.08548168249660787
  },
  "[1,1,2]": {
    "loses": 1790,
    "wins": 1844,
    "total_games": 3634,
    "win_ratio": 0.507429829389103,
    "ratio": 0.5478667269712045
  },
  "[1,3]": {
    "loses": 893,
    "wins": 1090,
    "total_games": 1983,
    "win_ratio": 0.5496722138174484,
    "ratio": 0.2989597467209408
  },
  "[1,1,1,1]": {
    "loses": 2016,
    "wins": 2014,
    "total_games": 4030,
    "win_ratio": 0.4997518610421836,
    "ratio": 0.607568219508518
  },
  "[4]": {
    "loses": 616,
    "wins": 973,
    "total_games": 1589,
    "win_ratio": 0.6123348017621145,
    "ratio": 0.2395597768732097
  }
}